Toronto,Montreal,10/1/2013
Washington,Chicago,10/1/2013
Winnipeg,Edmonton,10/1/2013
Toronto,Philadelphia,10/2/2013
Buffalo,Detroit,10/2/2013
Anaheim,Colorado,10/2/2013
Calgary,Washington,10/3/2013
New Jersey,Pittsburgh,10/3/2013
Tampa Bay,Boston,10/3/2013
Los Angeles,Minnesota,10/3/2013
Nashville,St. Louis,10/3/2013
Florida,Dallas,10/3/2013
NY Rangers,Phoenix,10/3/2013
Vancouver,San Jose,10/3/2013
Calgary,Columbus,10/4/2013
Detroit,Carolina,10/4/2013
NY Islanders,New Jersey,10/4/2013
Ottawa,Buffalo,10/4/2013
Los Angeles,Winnipeg,10/4/2013
Nashville,Colorado,10/4/2013
Buffalo,Pittsburgh,10/5/2013
Columbus,NY Islanders,10/5/2013
Detroit,Boston,10/5/2013
Ottawa,Toronto,10/5/2013
Philadelphia,Montreal,10/5/2013
Anaheim,Minnesota,10/5/2013
Florida,St. Louis,10/5/2013
Tampa Bay,Chicago,10/5/2013
Washington,Dallas,10/5/2013
Edmonton,Vancouver,10/5/2013
Phoenix,San Jose,10/5/2013
Philadelphia,Carolina,10/6/2013
Anaheim,Winnipeg,10/6/2013
Vancouver,Calgary,10/6/2013
New Jersey,Edmonton,10/7/2013
NY Rangers,Los Angeles,10/7/2013
Carolina,Pittsburgh,10/8/2013
Colorado,Toronto,10/8/2013
Florida,Philadelphia,10/8/2013
Phoenix,NY Islanders,10/8/2013
Tampa Bay,Buffalo,10/8/2013
Minnesota,Nashville,10/8/2013
New Jersey,Vancouver,10/8/2013
NY Rangers,San Jose,10/8/2013
Chicago,St. Louis,10/9/2013
Montreal,Calgary,10/9/2013
Ottawa,Los Angeles,10/9/2013
Carolina,Washington,10/10/2013
Colorado,Boston,10/10/2013
Columbus,Buffalo,10/10/2013
Florida,Tampa Bay,10/10/2013
Phoenix,Detroit,10/10/2013
Toronto,Nashville,10/10/2013
Winnipeg,Minnesota,10/10/2013
Montreal,Edmonton,10/10/2013
NY Rangers,Anaheim,10/10/2013
San Jose,Vancouver,10/10/2013
Los Angeles,Carolina,10/11/2013
Phoenix,Philadelphia,10/11/2013
Pittsburgh,Florida,10/11/2013
Dallas,Winnipeg,10/11/2013
NY Islanders,Chicago,10/11/2013
New Jersey,Calgary,10/11/2013
Boston,Columbus,10/12/2013
Colorado,Washington,10/12/2013
Edmonton,Toronto,10/12/2013
Philadelphia,Detroit,10/12/2013
Pittsburgh,Tampa Bay,10/12/2013
Buffalo,Chicago,10/12/2013
Dallas,Minnesota,10/12/2013
NY Islanders,Nashville,10/12/2013
NY Rangers,St. Louis,10/12/2013
Montreal,Vancouver,10/12/2013
Ottawa,San Jose,10/12/2013
Phoenix,Carolina,10/13/2013
Los Angeles,Florida,10/13/2013
New Jersey,Winnipeg,10/13/2013
Ottawa,Anaheim,10/13/2013
Detroit,Boston,10/14/2013
Edmonton,Washington,10/14/2013
Minnesota,Buffalo,10/14/2013
Buffalo,NY Islanders,10/15/2013
Chicago,Carolina,10/15/2013
Edmonton,Pittsburgh,10/15/2013
Minnesota,Toronto,10/15/2013
Vancouver,Philadelphia,10/15/2013
Columbus,Detroit,10/15/2013
Los Angeles,Tampa Bay,10/15/2013
Florida,Nashville,10/15/2013
Montreal,Winnipeg,10/15/2013
San Jose,St. Louis,10/15/2013
Dallas,Colorado,10/15/2013
Ottawa,Phoenix,10/15/2013
NY Rangers,Washington,10/16/2013
Calgary,Anaheim,10/16/2013
Carolina,Toronto,10/17/2013
Edmonton,NY Islanders,10/17/2013
Pittsburgh,Philadelphia,10/17/2013
Vancouver,Buffalo,10/17/2013
Boston,Florida,10/17/2013
Columbus,Montreal,10/17/2013
Minnesota,Tampa Bay,10/17/2013
New Jersey,Ottawa,10/17/2013
Los Angeles,Nashville,10/17/2013
St. Louis,Chicago,10/17/2013
San Jose,Dallas,10/17/2013
Detroit,Colorado,10/17/2013
St. Louis,Winnipeg,10/18/2013
Phoenix,Anaheim,10/18/2013
Vancouver,Pittsburgh,10/19/2013
Edmonton,Ottawa,10/19/2013
Boston,Tampa Bay,10/19/2013
Carolina,NY Islanders,10/19/2013
Colorado,Buffalo,10/19/2013
Columbus,Washington,10/19/2013
Minnesota,Florida,10/19/2013
Nashville,Montreal,10/19/2013
NY Rangers,New Jersey,10/19/2013
Toronto,Chicago,10/19/2013
Detroit,Phoenix,10/19/2013
Calgary,San Jose,10/19/2013
Dallas,Los Angeles,10/19/2013
Vancouver,Columbus,10/20/2013
Dallas,Anaheim,10/20/2013
Nashville,Winnipeg,10/20/2013
Colorado,Pittsburgh,10/21/2013
San Jose,Detroit,10/21/2013
Calgary,Los Angeles,10/21/2013
Anaheim,Toronto,10/22/2013
New Jersey,Columbus,10/22/2013
Vancouver,NY Islanders,10/22/2013
Chicago,Florida,10/22/2013
Edmonton,Montreal,10/22/2013
Nashville,Minnesota,10/22/2013
Washington,Winnipeg,10/22/2013
Calgary,Phoenix,10/22/2013
Ottawa,Detroit,10/23/2013
Boston,Buffalo,10/23/2013
NY Rangers,Philadelphia,10/24/2013
San Jose,Boston,10/24/2013
Vancouver,New Jersey,10/24/2013
Anaheim,Montreal,10/24/2013
Chicago,Tampa Bay,10/24/2013
Carolina,Minnesota,10/24/2013
Winnipeg,Nashville,10/24/2013
Calgary,Dallas,10/24/2013
Washington,Edmonton,10/24/2013
Phoenix,Los Angeles,10/24/2013
NY Islanders,Pittsburgh,10/25/2013
Toronto,Columbus,10/25/2013
Anaheim,Ottawa,10/25/2013
Buffalo,Florida,10/25/2013
Vancouver,St. Louis,10/25/2013
Carolina,Colorado,10/25/2013
Buffalo,Tampa Bay,10/26/2013
New Jersey,Boston,10/26/2013
NY Rangers,Detroit,10/26/2013
Philadelphia,NY Islanders,10/26/2013
Pittsburgh,Toronto,10/26/2013
San Jose,Montreal,10/26/2013
Winnipeg,Dallas,10/26/2013
Minnesota,Chicago,10/26/2013
St. Louis,Nashville,10/26/2013
Edmonton,Phoenix,10/26/2013
Washington,Calgary,10/26/2013
San Jose,Ottawa,10/27/2013
Tampa Bay,Florida,10/27/2013
Anaheim,Columbus,10/27/2013
Winnipeg,Colorado,10/27/2013
Edmonton,Los Angeles,10/27/2013
Dallas,Buffalo,10/28/2013
Pittsburgh,Carolina,10/28/2013
Montreal,NY Rangers,10/28/2013
Chicago,Minnesota,10/28/2013
Washington,Vancouver,10/28/2013
Anaheim,Philadelphia,10/29/2013
Dallas,Montreal,10/29/2013
NY Rangers,NY Islanders,10/29/2013
Tampa Bay,New Jersey,10/29/2013
Ottawa,Chicago,10/29/2013
Winnipeg,St. Louis,10/29/2013
Toronto,Edmonton,10/29/2013
Los Angeles,Phoenix,10/29/2013
Boston,Pittsburgh,10/30/2013
Toronto,Calgary,10/30/2013
Detroit,Vancouver,10/30/2013
San Jose,Los Angeles,10/30/2013
Anaheim,Boston,10/31/2013
Buffalo,NY Rangers,10/31/2013
Nashville,Phoenix,10/31/2013
Columbus,Pittsburgh,11/1/2013
Tampa Bay,Carolina,11/1/2013
Washington,Philadelphia,11/1/2013
NY Islanders,Ottawa,11/1/2013
St. Louis,Florida,11/1/2013
Montreal,Minnesota,11/1/2013
Colorado,Dallas,11/1/2013
Detroit,Calgary,11/1/2013
Chicago,Winnipeg,11/2/2013
Nashville,Los Angeles,11/2/2013
Anaheim,Buffalo,11/2/2013
Boston,NY Islanders,11/2/2013
Carolina,NY Rangers,11/2/2013
Florida,Washington,11/2/2013
Philadelphia,New Jersey,11/2/2013
Pittsburgh,Columbus,11/2/2013
St. Louis,Tampa Bay,11/2/2013
Toronto,Vancouver,11/2/2013
Detroit,Edmonton,11/2/2013
Montreal,Colorado,11/2/2013
Phoenix,San Jose,11/2/2013
Dallas,Ottawa,11/3/2013
Calgary,Chicago,11/3/2013
New Jersey,Minnesota,11/3/2013
Anaheim,NY Rangers,11/4/2013
Detroit,Winnipeg,11/4/2013
Dallas,Boston,11/5/2013
NY Islanders,Washington,11/5/2013
Ottawa,Columbus,11/5/2013
Edmonton,Florida,11/5/2013
Philadelphia,Carolina,11/5/2013
St. Louis,Montreal,11/5/2013
Calgary,Minnesota,11/5/2013
Vancouver,Phoenix,11/5/2013
Buffalo,San Jose,11/5/2013
Pittsburgh,NY Rangers,11/6/2013
Winnipeg,Chicago,11/6/2013
Nashville,Colorado,11/6/2013
Phoenix,Anaheim,11/6/2013
Florida,Boston,11/7/2013
Minnesota,Washington,11/7/2013
Montreal,Ottawa,11/7/2013
New Jersey,Philadelphia,11/7/2013
NY Islanders,Carolina,11/7/2013
NY Rangers,Columbus,11/7/2013
Dallas,Detroit,11/7/2013
Edmonton,Tampa Bay,11/7/2013
Calgary,St. Louis,11/7/2013
Buffalo,Los Angeles,11/7/2013
Vancouver,San Jose,11/7/2013
New Jersey,Toronto,11/8/2013
Nashville,Winnipeg,11/8/2013
Calgary,Colorado,11/8/2013
Buffalo,Anaheim,11/8/2013
Edmonton,Philadelphia,11/9/2013
Florida,Ottawa,11/9/2013
Minnesota,Carolina,11/9/2013
NY Islanders,Columbus,11/9/2013
Tampa Bay,Detroit,11/9/2013
Toronto,Boston,11/9/2013
Chicago,Dallas,11/9/2013
Pittsburgh,St. Louis,11/9/2013
Washington,Phoenix,11/9/2013
Vancouver,Los Angeles,11/9/2013
NY Islanders,Montreal,11/10/2013
Edmonton,Chicago,11/10/2013
Florida,NY Rangers,11/10/2013
Nashville,New Jersey,11/10/2013
San Jose,Winnipeg,11/10/2013
Vancouver,Anaheim,11/10/2013
Washington,Colorado,11/10/2013
Tampa Bay,Boston,11/11/2013
Colorado,Carolina,11/12/2013
Columbus,Washington,11/12/2013
Los Angeles,Buffalo,11/12/2013
Nashville,NY Islanders,11/12/2013
New Jersey,NY Rangers,11/12/2013
Anaheim,Florida,11/12/2013
Philadelphia,Ottawa,11/12/2013
Tampa Bay,Montreal,11/12/2013
Winnipeg,Detroit,11/12/2013
Phoenix,St. Louis,11/12/2013
San Jose,Calgary,11/12/2013
Toronto,Minnesota,11/13/2013
Philadelphia,Pittsburgh,11/13/2013
Dallas,Edmonton,11/13/2013
Columbus,Boston,11/14/2013
Los Angeles,NY Islanders,11/14/2013
Anaheim,Tampa Bay,11/14/2013
Colorado,St. Louis,11/14/2013
Phoenix,Chicago,11/14/2013
Dallas,Calgary,11/14/2013
San Jose,Vancouver,11/14/2013
Anaheim,Carolina,11/15/2013
Los Angeles,New Jersey,11/15/2013
Montreal,Columbus,11/15/2013
Nashville,Pittsburgh,11/15/2013
Toronto,Buffalo,11/15/2013
Boston,Ottawa,11/15/2013
Washington,Detroit,11/15/2013
Florida,Minnesota,11/15/2013
Philadelphia,Winnipeg,11/15/2013
San Jose,Edmonton,11/15/2013
Buffalo,Toronto,11/16/2013
Detroit,NY Islanders,11/16/2013
NY Rangers,Montreal,11/16/2013
Pittsburgh,New Jersey,11/16/2013
Carolina,St. Louis,11/16/2013
Chicago,Nashville,11/16/2013
Tampa Bay,Phoenix,11/16/2013
Florida,Colorado,11/16/2013
Edmonton,Calgary,11/16/2013
Columbus,Ottawa,11/17/2013
St. Louis,Washington,11/17/2013
Los Angeles,NY Rangers,11/17/2013
San Jose,Chicago,11/17/2013
Dallas,Vancouver,11/17/2013
Winnipeg,Minnesota,11/17/2013
Boston,Carolina,11/18/2013
Anaheim,Pittsburgh,11/18/2013
Calgary,Winnipeg,11/18/2013
NY Islanders,Toronto,11/19/2013
Ottawa,Philadelphia,11/19/2013
St. Louis,Buffalo,11/19/2013
Boston,NY Rangers,11/19/2013
Minnesota,Montreal,11/19/2013
Nashville,Detroit,11/19/2013
Chicago,Colorado,11/19/2013
Columbus,Edmonton,11/19/2013
Florida,Vancouver,11/19/2013
Tampa Bay,Los Angeles,11/19/2013
Minnesota,Ottawa,11/20/2013
Pittsburgh,Washington,11/20/2013
Columbus,Calgary,11/20/2013
New Jersey,Anaheim,11/20/2013
Buffalo,Philadelphia,11/21/2013
Nashville,Toronto,11/21/2013
St. Louis,Boston,11/21/2013
Carolina,Detroit,11/21/2013
Chicago,Winnipeg,11/21/2013
NY Rangers,Dallas,11/21/2013
Colorado,Phoenix,11/21/2013
Florida,Edmonton,11/21/2013
New Jersey,Los Angeles,11/21/2013
Tampa Bay,San Jose,11/21/2013
Montreal,Washington,11/22/2013
NY Islanders,Pittsburgh,11/22/2013
Florida,Calgary,11/22/2013
Columbus,Vancouver,11/22/2013
Tampa Bay,Anaheim,11/22/2013
Carolina,Boston,11/23/2013
Minnesota,Winnipeg,11/23/2013
NY Islanders,Philadelphia,11/23/2013
Ottawa,Detroit,11/23/2013
Pittsburgh,Montreal,11/23/2013
Washington,Toronto,11/23/2013
Anaheim,Phoenix,11/23/2013
Dallas,St. Louis,11/23/2013
NY Rangers,Nashville,11/23/2013
Chicago,Vancouver,11/23/2013
Colorado,Los Angeles,11/23/2013
New Jersey,San Jose,11/23/2013
Detroit,Buffalo,11/24/2013
Ottawa,Carolina,11/24/2013
Columbus,Toronto,11/25/2013
Pittsburgh,Boston,11/25/2013
Winnipeg,New Jersey,11/25/2013
NY Rangers,Tampa Bay,11/25/2013
Philadelphia,Florida,11/25/2013
Minnesota,St. Louis,11/25/2013
Phoenix,Nashville,11/25/2013
Chicago,Edmonton,11/25/2013
Los Angeles,Vancouver,11/25/2013
Anaheim,Dallas,11/26/2013
Carolina,New Jersey,11/27/2013
Montreal,Buffalo,11/27/2013
Nashville,Columbus,11/27/2013
Ottawa,Washington,11/27/2013
Winnipeg,NY Islanders,11/27/2013
Boston,Detroit,11/27/2013
NY Rangers,Florida,11/27/2013
Philadelphia,Tampa Bay,11/27/2013
Toronto,Pittsburgh,11/27/2013
Phoenix,Minnesota,11/27/2013
St. Louis,Colorado,11/27/2013
Chicago,Calgary,11/27/2013
Los Angeles,San Jose,11/27/2013
Vancouver,Ottawa,11/28/2013
Edmonton,Nashville,11/28/2013
NY Rangers,Boston,11/29/2013
Calgary,Anaheim,11/29/2013
Detroit,NY Islanders,11/29/2013
Pittsburgh,Tampa Bay,11/29/2013
St. Louis,San Jose,11/29/2013
Montreal,Washington,11/29/2013
Colorado,Minnesota,11/29/2013
Edmonton,Columbus,11/29/2013
New Jersey,Carolina,11/29/2013
Toronto,Buffalo,11/29/2013
Chicago,Dallas,11/29/2013
Winnipeg,Philadelphia,11/29/2013
Vancouver,NY Rangers,11/30/2013
Buffalo,New Jersey,11/30/2013
Columbus,Boston,11/30/2013
Pittsburgh,Florida,11/30/2013
Toronto,Montreal,11/30/2013
Washington,NY Islanders,11/30/2013
Chicago,Phoenix,11/30/2013
Philadelphia,Nashville,11/30/2013
Minnesota,Colorado,11/30/2013
Calgary,Los Angeles,11/30/2013
Anaheim,San Jose,11/30/2013
Vancouver,Carolina,12/1/2013
Detroit,Ottawa,12/1/2013
Edmonton,Dallas,12/1/2013
Winnipeg,NY Rangers,12/2/2013
New Jersey,Montreal,12/2/2013
Philadelphia,Minnesota,12/2/2013
St. Louis,Los Angeles,12/2/2013
Carolina,Washington,12/3/2013
Pittsburgh,NY Islanders,12/3/2013
San Jose,Toronto,12/3/2013
Tampa Bay,Columbus,12/3/2013
Ottawa,Florida,12/3/2013
Dallas,Chicago,12/3/2013
Vancouver,Nashville,12/3/2013
Phoenix,Edmonton,12/3/2013
Los Angeles,Anaheim,12/3/2013
Montreal,New Jersey,12/4/2013
Philadelphia,Detroit,12/4/2013
Phoenix,Calgary,12/4/2013
Dallas,Toronto,12/5/2013
NY Rangers,Buffalo,12/5/2013
San Jose,Pittsburgh,12/5/2013
Boston,Montreal,12/5/2013
Ottawa,Tampa Bay,12/5/2013
Winnipeg,Florida,12/5/2013
Carolina,Nashville,12/5/2013
Chicago,Minnesota,12/5/2013
NY Islanders,St. Louis,12/5/2013
Colorado,Edmonton,12/5/2013
Detroit,New Jersey,12/6/2013
Minnesota,Columbus,12/6/2013
San Jose,Carolina,12/6/2013
Anaheim,Chicago,12/6/2013
Colorado,Calgary,12/6/2013
Phoenix,Vancouver,12/6/2013
Buffalo,Montreal,12/7/2013
Florida,Detroit,12/7/2013
Nashville,Washington,12/7/2013
Pittsburgh,Boston,12/7/2013
Toronto,Ottawa,12/7/2013
Winnipeg,Tampa Bay,12/7/2013
New Jersey,NY Rangers,12/7/2013
Anaheim,St. Louis,12/7/2013
Philadelphia,Dallas,12/7/2013
Calgary,Edmonton,12/7/2013
NY Islanders,Los Angeles,12/7/2013
San Jose,Minnesota,12/8/2013
Boston,Toronto,12/8/2013
Florida,Chicago,12/8/2013
Washington,NY Rangers,12/8/2013
Colorado,Vancouver,12/8/2013
Columbus,Pittsburgh,12/9/2013
Philadelphia,Ottawa,12/9/2013
Carolina,Vancouver,12/9/2013
NY Islanders,Anaheim,12/9/2013
Los Angeles,Montreal,12/10/2013
New Jersey,Columbus,12/10/2013
Ottawa,Buffalo,12/10/2013
Tampa Bay,Washington,12/10/2013
Detroit,Florida,12/10/2013
Nashville,NY Rangers,12/10/2013
St. Louis,Winnipeg,12/10/2013
Chicago,Dallas,12/10/2013
Phoenix,Colorado,12/10/2013
Boston,Calgary,12/10/2013
Carolina,Edmonton,12/10/2013
NY Islanders,San Jose,12/10/2013
Los Angeles,Toronto,12/11/2013
Philadelphia,Chicago,12/11/2013
Minnesota,Anaheim,12/11/2013
Columbus,NY Rangers,12/12/2013
Montreal,Philadelphia,12/12/2013
Buffalo,Ottawa,12/12/2013
Detroit,Tampa Bay,12/12/2013
Colorado,Winnipeg,12/12/2013
Dallas,Nashville,12/12/2013
Toronto,St. Louis,12/12/2013
Carolina,Calgary,12/12/2013
NY Islanders,Phoenix,12/12/2013
Boston,Edmonton,12/12/2013
Minnesota,San Jose,12/12/2013
New Jersey,Pittsburgh,12/13/2013
Washington,Florida,12/13/2013
Edmonton,Vancouver,12/13/2013
Calgary,Buffalo,12/14/2013
Los Angeles,Ottawa,12/14/2013
Dallas,Winnipeg,12/14/2013
Chicago,Toronto,12/14/2013
Montreal,NY Islanders,12/14/2013
Pittsburgh,Detroit,12/14/2013
St. Louis,Columbus,12/14/2013
Tampa Bay,New Jersey,12/14/2013
Carolina,Phoenix,12/14/2013
San Jose,Nashville,12/14/2013
Minnesota,Colorado,12/14/2013
Boston,Vancouver,12/14/2013
Philadelphia,Washington,12/15/2013
Tampa Bay,Detroit,12/15/2013
Florida,Montreal,12/15/2013
Calgary,NY Rangers,12/15/2013
Los Angeles,Chicago,12/15/2013
Edmonton,Anaheim,12/15/2013
Toronto,Pittsburgh,12/16/2013
Winnipeg,Columbus,12/16/2013
St. Louis,Ottawa,12/16/2013
Dallas,Colorado,12/16/2013
Calgary,Boston,12/17/2013
Florida,Toronto,12/17/2013
Tampa Bay,NY Islanders,12/17/2013
Winnipeg,Buffalo,12/17/2013
Anaheim,Detroit,12/17/2013
Phoenix,Montreal,12/17/2013
Washington,Philadelphia,12/17/2013
Chicago,Nashville,12/17/2013
San Jose,St. Louis,12/17/2013
Vancouver,Minnesota,12/17/2013
Colorado,Dallas,12/17/2013
Edmonton,Los Angeles,12/17/2013
Ottawa,New Jersey,12/18/2013
Pittsburgh,NY Rangers,12/18/2013
Boston,Buffalo,12/19/2013
Columbus,Philadelphia,12/19/2013
Minnesota,Pittsburgh,12/19/2013
Phoenix,Toronto,12/19/2013
Calgary,Detroit,12/19/2013
Florida,Ottawa,12/19/2013
Nashville,Tampa Bay,12/19/2013
Montreal,St. Louis,12/19/2013
Vancouver,Dallas,12/19/2013
Edmonton,Colorado,12/19/2013
San Jose,Los Angeles,12/19/2013
Anaheim,New Jersey,12/20/2013
NY Islanders,NY Rangers,12/20/2013
Washington,Carolina,12/20/2013
Florida,Winnipeg,12/20/2013
Vancouver,Chicago,12/20/2013
Phoenix,Ottawa,12/21/2013
Colorado,Los Angeles,12/21/2013
Anaheim,NY Islanders,12/21/2013
Buffalo,Boston,12/21/2013
Calgary,Pittsburgh,12/21/2013
Carolina,Tampa Bay,12/21/2013
Detroit,Toronto,12/21/2013
Montreal,Nashville,12/21/2013
New Jersey,Washington,12/21/2013
Philadelphia,Columbus,12/21/2013
St. Louis,Edmonton,12/21/2013
Dallas,San Jose,12/21/2013
Minnesota,NY Rangers,12/22/2013
Winnipeg,Vancouver,12/22/2013
Anaheim,Washington,12/23/2013
Columbus,Carolina,12/23/2013
Phoenix,Buffalo,12/23/2013
Toronto,NY Rangers,12/23/2013
Minnesota,Philadelphia,12/23/2013
NY Islanders,Detroit,12/23/2013
Pittsburgh,Ottawa,12/23/2013
Tampa Bay,Florida,12/23/2013
Boston,Nashville,12/23/2013
New Jersey,Chicago,12/23/2013
St. Louis,Calgary,12/23/2013
Winnipeg,Edmonton,12/23/2013
Colorado,San Jose,12/23/2013
Dallas,Los Angeles,12/23/2013
Buffalo,Toronto,12/27/2013
Columbus,New Jersey,12/27/2013
NY Rangers,Washington,12/27/2013
Ottawa,Boston,12/27/2013
Pittsburgh,Carolina,12/27/2013
Colorado,Chicago,12/27/2013
Minnesota,Winnipeg,12/27/2013
Nashville,Dallas,12/27/2013
Edmonton,Calgary,12/27/2013
San Jose,Phoenix,12/27/2013
Boston,Ottawa,12/28/2013
Detroit,Florida,12/28/2013
Montreal,Tampa Bay,12/28/2013
New Jersey,NY Islanders,12/28/2013
Chicago,St. Louis,12/28/2013
Los Angeles,Nashville,12/28/2013
Phoenix,Anaheim,12/28/2013
Philadelphia,Edmonton,12/28/2013
Montreal,Florida,12/29/2013
Washington,Buffalo,12/29/2013
Pittsburgh,Columbus,12/29/2013
St. Louis,Dallas,12/29/2013
Vancouver,Calgary,12/29/2013
Carolina,Toronto,12/29/2013
NY Rangers,Tampa Bay,12/29/2013
NY Islanders,Minnesota,12/29/2013
Winnipeg,Colorado,12/29/2013
Anaheim,San Jose,12/29/2013
Washington,Ottawa,12/30/2013
Detroit,Nashville,12/30/2013
Los Angeles,Chicago,12/30/2013
Philadelphia,Vancouver,12/30/2013
Pittsburgh,New Jersey,12/31/2013
NY Rangers,Florida,12/31/2013
St. Louis,Minnesota,12/31/2013
Buffalo,Winnipeg,12/31/2013
Montreal,Carolina,12/31/2013
NY Islanders,Boston,12/31/2013
Columbus,Colorado,12/31/2013
Los Angeles,Dallas,12/31/2013
San Jose,Anaheim,12/31/2013
Edmonton,Phoenix,12/31/2013
Philadelphia,Calgary,12/31/2013
Toronto,Detroit,1/1/2014
Tampa Bay,Vancouver,1/1/2014
Carolina,Washington,1/2/2014
Chicago,NY Islanders,1/2/2014
Nashville,Boston,1/2/2014
Winnipeg,Ottawa,1/2/2014
Buffalo,Minnesota,1/2/2014
Los Angeles,St. Louis,1/2/2014
Montreal,Dallas,1/2/2014
Columbus,Phoenix,1/2/2014
Philadelphia,Colorado,1/2/2014
Edmonton,San Jose,1/2/2014
Chicago,New Jersey,1/3/2014
NY Rangers,Pittsburgh,1/3/2014
Tampa Bay,Calgary,1/3/2014
Edmonton,Anaheim,1/3/2014
Winnipeg,Boston,1/4/2014
San Jose,Colorado,1/4/2014
Carolina,NY Islanders,1/4/2014
Nashville,Florida,1/4/2014
New Jersey,Buffalo,1/4/2014
NY Rangers,Toronto,1/4/2014
Ottawa,Montreal,1/4/2014
Columbus,St. Louis,1/4/2014
Detroit,Dallas,1/4/2014
Philadelphia,Phoenix,1/4/2014
Washington,Minnesota,1/4/2014
Vancouver,Los Angeles,1/4/2014
Winnipeg,Pittsburgh,1/5/2014
Nashville,Carolina,1/5/2014
San Jose,Chicago,1/5/2014
Tampa Bay,Edmonton,1/5/2014
Vancouver,Anaheim,1/5/2014
Columbus,NY Rangers,1/6/2014
Dallas,NY Islanders,1/6/2014
Florida,Montreal,1/6/2014
Calgary,Colorado,1/6/2014
Carolina,Buffalo,1/7/2014
NY Islanders,Toronto,1/7/2014
Philadelphia,New Jersey,1/7/2014
San Jose,Nashville,1/7/2014
Tampa Bay,Winnipeg,1/7/2014
Calgary,Phoenix,1/7/2014
St. Louis,Edmonton,1/7/2014
Boston,Anaheim,1/7/2014
Pittsburgh,Vancouver,1/7/2014
Minnesota,Los Angeles,1/7/2014
Montreal,Philadelphia,1/8/2014
NY Rangers,Chicago,1/8/2014
Ottawa,Colorado,1/8/2014
Dallas,New Jersey,1/9/2014
Florida,Buffalo,1/9/2014
Toronto,Carolina,1/9/2014
Washington,Tampa Bay,1/9/2014
Anaheim,Nashville,1/9/2014
Minnesota,Phoenix,1/9/2014
St. Louis,Calgary,1/9/2014
Boston,Los Angeles,1/9/2014
Detroit,San Jose,1/9/2014
Carolina,Columbus,1/10/2014
Dallas,NY Rangers,1/10/2014
Toronto,Washington,1/10/2014
NY Islanders,Colorado,1/10/2014
Pittsburgh,Edmonton,1/10/2014
St. Louis,Vancouver,1/10/2014
Tampa Bay,Philadelphia,1/11/2014
Chicago,Montreal,1/11/2014
Columbus,Winnipeg,1/11/2014
Florida,New Jersey,1/11/2014
Ottawa,Nashville,1/11/2014
Anaheim,Phoenix,1/11/2014
Colorado,Minnesota,1/11/2014
Pittsburgh,Calgary,1/11/2014
Boston,San Jose,1/11/2014
Detroit,Los Angeles,1/11/2014
Buffalo,Washington,1/12/2014
NY Islanders,Dallas,1/12/2014
Edmonton,Chicago,1/12/2014
Minnesota,Nashville,1/12/2014
New Jersey,Toronto,1/12/2014
Philadelphia,NY Rangers,1/12/2014
Detroit,Anaheim,1/12/2014
Calgary,Carolina,1/13/2014
Tampa Bay,Columbus,1/13/2014
Phoenix,Winnipeg,1/13/2014
Vancouver,Los Angeles,1/13/2014
San Jose,Washington,1/14/2014
Tampa Bay,NY Rangers,1/14/2014
Toronto,Boston,1/14/2014
New Jersey,Montreal,1/14/2014
NY Islanders,Florida,1/14/2014
Philadelphia,Buffalo,1/14/2014
Calgary,Nashville,1/14/2014
Colorado,Chicago,1/14/2014
Ottawa,Minnesota,1/14/2014
Phoenix,St. Louis,1/14/2014
Edmonton,Dallas,1/14/2014
Buffalo,Toronto,1/15/2014
Washington,Pittsburgh,1/15/2014
Vancouver,Anaheim,1/15/2014
Detroit,NY Rangers,1/16/2014
Nashville,Philadelphia,1/16/2014
Montreal,Ottawa,1/16/2014
NY Islanders,Tampa Bay,1/16/2014
San Jose,Florida,1/16/2014
Edmonton,Minnesota,1/16/2014
Los Angeles,St. Louis,1/16/2014
Boston,Dallas,1/16/2014
New Jersey,Colorado,1/16/2014
Vancouver,Phoenix,1/16/2014
Winnipeg,Calgary,1/16/2014
Washington,Columbus,1/17/2014
Anaheim,Chicago,1/17/2014
Edmonton,Winnipeg,1/18/2014
NY Rangers,Ottawa,1/18/2014
San Jose,Tampa Bay,1/18/2014
Columbus,Buffalo,1/18/2014
Florida,Carolina,1/18/2014
Los Angeles,Detroit,1/18/2014
Montreal,Toronto,1/18/2014
NY Islanders,Philadelphia,1/18/2014
Anaheim,St. Louis,1/18/2014
Colorado,Nashville,1/18/2014
New Jersey,Phoenix,1/18/2014
Dallas,Minnesota,1/18/2014
Calgary,Vancouver,1/18/2014
Boston,Chicago,1/19/2014
Tampa Bay,Carolina,1/19/2014
Washington,NY Rangers,1/19/2014
Los Angeles,Boston,1/20/2014
Philadelphia,NY Islanders,1/20/2014
Florida,Pittsburgh,1/20/2014
St. Louis,Detroit,1/20/2014
Dallas,Nashville,1/20/2014
Toronto,Phoenix,1/20/2014
Calgary,San Jose,1/20/2014
Carolina,Philadelphia,1/21/2014
Florida,Buffalo,1/21/2014
Los Angeles,Columbus,1/21/2014
NY Islanders,NY Rangers,1/21/2014
Ottawa,Washington,1/21/2014
St. Louis,New Jersey,1/21/2014
Minnesota,Dallas,1/21/2014
Toronto,Colorado,1/21/2014
Vancouver,Edmonton,1/21/2014
Winnipeg,Anaheim,1/21/2014
Montreal,Pittsburgh,1/22/2014
Chicago,Detroit,1/22/2014
Phoenix,Calgary,1/22/2014
Carolina,Buffalo,1/23/2014
Philadelphia,Columbus,1/23/2014
St. Louis,NY Rangers,1/23/2014
Ottawa,Tampa Bay,1/23/2014
Pittsburgh,NY Islanders,1/23/2014
Chicago,Minnesota,1/23/2014
Toronto,Dallas,1/23/2014
Los Angeles,Anaheim,1/23/2014
Nashville,Vancouver,1/23/2014
Winnipeg,San Jose,1/23/2014
Ottawa,Carolina,1/24/2014
Washington,New Jersey,1/24/2014
Colorado,Florida,1/24/2014
Montreal,Detroit,1/24/2014
Nashville,Calgary,1/24/2014
Phoenix,Edmonton,1/24/2014
Boston,Philadelphia,1/25/2014
St. Louis,NY Islanders,1/25/2014
Buffalo,Columbus,1/25/2014
Colorado,Tampa Bay,1/25/2014
Toronto,Winnipeg,1/25/2014
Washington,Montreal,1/25/2014
Pittsburgh,Dallas,1/25/2014
Anaheim,Los Angeles,1/25/2014
Minnesota,San Jose,1/25/2014
NY Rangers,New Jersey,1/26/2014
Florida,Detroit,1/26/2014
Winnipeg,Chicago,1/26/2014
Nashville,Edmonton,1/26/2014
Phoenix,Vancouver,1/26/2014
Boston,NY Islanders,1/27/2014
Columbus,Carolina,1/27/2014
Buffalo,Pittsburgh,1/27/2014
Colorado,Dallas,1/27/2014
Edmonton,Vancouver,1/27/2014
Los Angeles,San Jose,1/27/2014
Detroit,Philadelphia,1/28/2014
Florida,Boston,1/28/2014
Ottawa,Columbus,1/28/2014
Tampa Bay,Toronto,1/28/2014
Carolina,Montreal,1/28/2014
Washington,Buffalo,1/28/2014
Nashville,Winnipeg,1/28/2014
New Jersey,St. Louis,1/28/2014
Chicago,Calgary,1/28/2014
Los Angeles,Phoenix,1/28/2014
Minnesota,Anaheim,1/28/2014
NY Rangers,NY Islanders,1/29/2014
San Jose,Edmonton,1/29/2014
Chicago,Vancouver,1/29/2014
Florida,Toronto,1/30/2014
Montreal,Boston,1/30/2014
Washington,Columbus,1/30/2014
Tampa Bay,Ottawa,1/30/2014
New Jersey,Dallas,1/30/2014
Buffalo,Phoenix,1/30/2014
Minnesota,Colorado,1/30/2014
San Jose,Calgary,1/30/2014
Philadelphia,Anaheim,1/30/2014
Pittsburgh,Los Angeles,1/30/2014
NY Islanders,NY Rangers,1/31/2014
St. Louis,Carolina,1/31/2014
Washington,Detroit,1/31/2014
New Jersey,Nashville,1/31/2014
Vancouver,Winnipeg,1/31/2014
Edmonton,Boston,2/1/2014
Tampa Bay,Montreal,2/1/2014
Buffalo,Colorado,2/1/2014
Philadelphia,Los Angeles,2/1/2014
Florida,Columbus,2/1/2014
Ottawa,Toronto,2/1/2014
Nashville,St. Louis,2/1/2014
Pittsburgh,Phoenix,2/1/2014
Dallas,Anaheim,2/1/2014
Minnesota,Calgary,2/1/2014
Chicago,San Jose,2/1/2014
Detroit,Washington,2/2/2014
Winnipeg,Montreal,2/2/2014
Edmonton,Buffalo,2/3/2014
Ottawa,Pittsburgh,2/3/2014
Colorado,New Jersey,2/3/2014
Vancouver,Detroit,2/3/2014
Columbus,Anaheim,2/3/2014
Chicago,Los Angeles,2/3/2014
Philadelphia,San Jose,2/3/2014
Colorado,NY Rangers,2/4/2014
Vancouver,Boston,2/4/2014
Winnipeg,Carolina,2/4/2014
Calgary,Montreal,2/4/2014
NY Islanders,Washington,2/4/2014
Toronto,Florida,2/4/2014
Ottawa,St. Louis,2/4/2014
Tampa Bay,Minnesota,2/4/2014
Dallas,Phoenix,2/4/2014
Pittsburgh,Buffalo,2/5/2014
Chicago,Anaheim,2/5/2014
Dallas,San Jose,2/5/2014
Calgary,NY Islanders,2/6/2014
Colorado,Philadelphia,2/6/2014
Edmonton,NY Rangers,2/6/2014
Winnipeg,Washington,2/6/2014
Buffalo,Ottawa,2/6/2014
Detroit,Florida,2/6/2014
Toronto,Tampa Bay,2/6/2014
Vancouver,Montreal,2/6/2014
Boston,St. Louis,2/6/2014
Nashville,Minnesota,2/6/2014
Columbus,Los Angeles,2/6/2014
Edmonton,New Jersey,2/7/2014
Florida,Carolina,2/7/2014
NY Rangers,Pittsburgh,2/7/2014
Chicago,Phoenix,2/7/2014
Columbus,San Jose,2/7/2014
Calgary,Philadelphia,2/8/2014
Winnipeg,St. Louis,2/8/2014
Ottawa,Boston,2/8/2014
Montreal,Carolina,2/8/2014
Vancouver,Toronto,2/8/2014
Colorado,NY Islanders,2/8/2014
Detroit,Tampa Bay,2/8/2014
New Jersey,Washington,2/8/2014
Anaheim,Nashville,2/8/2014
Phoenix,Dallas,2/8/2014
Boston,Buffalo,2/26/2014
Detroit,Montreal,2/26/2014
Los Angeles,Colorado,2/26/2014
St. Louis,Vancouver,2/26/2014
Chicago,NY Rangers,2/27/2014
Columbus,New Jersey,2/27/2014
Montreal,Pittsburgh,2/27/2014
San Jose,Philadelphia,2/27/2014
Toronto,NY Islanders,2/27/2014
Detroit,Ottawa,2/27/2014
Washington,Florida,2/27/2014
Phoenix,Winnipeg,2/27/2014
Tampa Bay,Nashville,2/27/2014
Carolina,Dallas,2/27/2014
Los Angeles,Calgary,2/27/2014
Minnesota,Edmonton,2/27/2014
San Jose,Buffalo,2/28/2014
Phoenix,Colorado,2/28/2014
Minnesota,Vancouver,2/28/2014
St. Louis,Anaheim,2/28/2014
New Jersey,NY Islanders,3/1/2014
NY Rangers,Philadelphia,3/1/2014
Washington,Boston,3/1/2014
Florida,Columbus,3/1/2014
Tampa Bay,Dallas,3/1/2014
Winnipeg,Nashville,3/1/2014
Carolina,Los Angeles,3/1/2014
Toronto,Montreal,3/1/2014
Pittsburgh,Chicago,3/1/2014
Calgary,Edmonton,3/1/2014
Philadelphia,Washington,3/2/2014
Florida,NY Islanders,3/2/2014
San Jose,New Jersey,3/2/2014
Ottawa,Vancouver,3/2/2014
Boston,NY Rangers,3/2/2014
Carolina,Anaheim,3/2/2014
St. Louis,Phoenix,3/2/2014
Tampa Bay,Colorado,3/2/2014
Columbus,Toronto,3/3/2014
Buffalo,Dallas,3/3/2014
Calgary,Minnesota,3/3/2014
Montreal,Los Angeles,3/3/2014
Dallas,Columbus,3/4/2014
Detroit,New Jersey,3/4/2014
Florida,Boston,3/4/2014
Colorado,Chicago,3/4/2014
NY Islanders,Winnipeg,3/4/2014
Pittsburgh,Nashville,3/4/2014
Tampa Bay,St. Louis,3/4/2014
Vancouver,Phoenix,3/4/2014
Ottawa,Edmonton,3/4/2014
Carolina,San Jose,3/4/2014
Toronto,NY Rangers,3/5/2014
Washington,Philadelphia,3/5/2014
Ottawa,Calgary,3/5/2014
Montreal,Anaheim,3/5/2014
Los Angeles,Winnipeg,3/6/2014
Washington,Boston,3/6/2014
Buffalo,Tampa Bay,3/6/2014
Colorado,Detroit,3/6/2014
Columbus,Chicago,3/6/2014
St. Louis,Nashville,3/6/2014
Vancouver,Dallas,3/6/2014
Montreal,Phoenix,3/6/2014
NY Islanders,Edmonton,3/6/2014
Pittsburgh,San Jose,3/6/2014
NY Rangers,Carolina,3/7/2014
Buffalo,Florida,3/7/2014
New Jersey,Detroit,3/7/2014
NY Islanders,Calgary,3/7/2014
Pittsburgh,Anaheim,3/7/2014
Ottawa,Winnipeg,3/8/2014
St. Louis,Colorado,3/8/2014
Boston,Tampa Bay,3/8/2014
Carolina,New Jersey,3/8/2014
Philadelphia,Toronto,3/8/2014
Phoenix,Washington,3/8/2014
Columbus,Nashville,3/8/2014
Minnesota,Dallas,3/8/2014
Calgary,Vancouver,3/8/2014
Montreal,San Jose,3/8/2014
Boston,Florida,3/9/2014
Chicago,Buffalo,3/9/2014
Detroit,NY Rangers,3/9/2014
Los Angeles,Edmonton,3/9/2014
St. Louis,Minnesota,3/9/2014
Pittsburgh,Washington,3/10/2014
Nashville,Ottawa,3/10/2014
Phoenix,Tampa Bay,3/10/2014
Columbus,Dallas,3/10/2014
Los Angeles,Calgary,3/10/2014
Winnipeg,Colorado,3/10/2014
NY Islanders,Vancouver,3/10/2014
Toronto,Anaheim,3/10/2014
Detroit,Columbus,3/11/2014
Nashville,Buffalo,3/11/2014
New Jersey,Philadelphia,3/11/2014
NY Rangers,Carolina,3/11/2014
Phoenix,Florida,3/11/2014
Washington,Pittsburgh,3/11/2014
Dallas,St. Louis,3/11/2014
Edmonton,Minnesota,3/11/2014
Toronto,San Jose,3/11/2014
Boston,Montreal,3/12/2014
Vancouver,Winnipeg,3/12/2014
Chicago,Colorado,3/12/2014
Anaheim,Calgary,3/12/2014
Buffalo,Carolina,3/13/2014
Phoenix,Boston,3/13/2014
San Jose,Columbus,3/13/2014
Florida,Tampa Bay,3/13/2014
Edmonton,St. Louis,3/13/2014
NY Rangers,Minnesota,3/13/2014
Toronto,Los Angeles,3/13/2014
San Jose,NY Islanders,3/14/2014
Vancouver,Washington,3/14/2014
Edmonton,Detroit,3/14/2014
New Jersey,Florida,3/14/2014
Nashville,Chicago,3/14/2014
NY Rangers,Winnipeg,3/14/2014
Calgary,Dallas,3/14/2014
Anaheim,Colorado,3/14/2014
Carolina,Boston,3/15/2014
Pittsburgh,Philadelphia,3/15/2014
Buffalo,NY Islanders,3/15/2014
New Jersey,Tampa Bay,3/15/2014
Ottawa,Montreal,3/15/2014
Columbus,Minnesota,3/15/2014
St. Louis,Nashville,3/15/2014
Calgary,Phoenix,3/15/2014
Anaheim,Los Angeles,3/15/2014
Edmonton,Carolina,3/16/2014
Toronto,Washington,3/16/2014
Vancouver,Florida,3/16/2014
San Jose,NY Rangers,3/16/2014
Colorado,Ottawa,3/16/2014
Montreal,Buffalo,3/16/2014
Detroit,Chicago,3/16/2014
Philadelphia,Pittsburgh,3/16/2014
Dallas,Winnipeg,3/16/2014
Minnesota,Boston,3/17/2014
Vancouver,Tampa Bay,3/17/2014
Winnipeg,St. Louis,3/17/2014
Phoenix,Los Angeles,3/17/2014
Boston,New Jersey,3/18/2014
Carolina,Columbus,3/18/2014
Dallas,Pittsburgh,3/18/2014
Minnesota,NY Islanders,3/18/2014
Chicago,Philadelphia,3/18/2014
Colorado,Montreal,3/18/2014
NY Rangers,Ottawa,3/18/2014
Toronto,Detroit,3/18/2014
Buffalo,Calgary,3/18/2014
Nashville,Edmonton,3/18/2014
Washington,Anaheim,3/18/2014
Florida,San Jose,3/18/2014
Tampa Bay,Toronto,3/19/2014
Colorado,Winnipeg,3/19/2014
St. Louis,Chicago,3/19/2014
Nashville,Vancouver,3/19/2014
Dallas,Philadelphia,3/20/2014
Minnesota,New Jersey,3/20/2014
Columbus,Montreal,3/20/2014
Pittsburgh,Detroit,3/20/2014
Tampa Bay,Ottawa,3/20/2014
Buffalo,Edmonton,3/20/2014
Florida,Phoenix,3/20/2014
Anaheim,San Jose,3/20/2014
Washington,Los Angeles,3/20/2014
NY Rangers,Columbus,3/21/2014
Carolina,Chicago,3/21/2014
Boston,Colorado,3/21/2014
Nashville,Calgary,3/21/2014
St. Louis,Philadelphia,3/22/2014
Tampa Bay,Pittsburgh,3/22/2014
Detroit,Minnesota,3/22/2014
Ottawa,Dallas,3/22/2014
Florida,Los Angeles,3/22/2014
Carolina,Winnipeg,3/22/2014
Montreal,Toronto,3/22/2014
NY Rangers,New Jersey,3/22/2014
Boston,Phoenix,3/22/2014
Calgary,Edmonton,3/22/2014
Washington,San Jose,3/22/2014
Columbus,NY Islanders,3/23/2014
St. Louis,Pittsburgh,3/23/2014
Nashville,Chicago,3/23/2014
Toronto,New Jersey,3/23/2014
Minnesota,Detroit,3/23/2014
Buffalo,Vancouver,3/23/2014
Florida,Anaheim,3/23/2014
Los Angeles,Philadelphia,3/24/2014
Phoenix,NY Rangers,3/24/2014
Montreal,Boston,3/24/2014
Ottawa,Tampa Bay,3/24/2014
Winnipeg,Dallas,3/24/2014
San Jose,Calgary,3/24/2014
Los Angeles,Washington,3/25/2014
NY Islanders,Carolina,3/25/2014
Phoenix,Pittsburgh,3/25/2014
St. Louis,Toronto,3/25/2014
Buffalo,Montreal,3/25/2014
Detroit,Columbus,3/25/2014
Ottawa,Florida,3/25/2014
Colorado,Nashville,3/25/2014
Dallas,Chicago,3/25/2014
San Jose,Edmonton,3/25/2014
Vancouver,Minnesota,3/26/2014
Philadelphia,NY Rangers,3/26/2014
Anaheim,Calgary,3/26/2014
Chicago,Boston,3/27/2014
Los Angeles,Pittsburgh,3/27/2014
Phoenix,New Jersey,3/27/2014
Carolina,Florida,3/27/2014
Montreal,Detroit,3/27/2014
NY Islanders,Tampa Bay,3/27/2014
Buffalo,Nashville,3/27/2014
Minnesota,St. Louis,3/27/2014
Vancouver,Colorado,3/27/2014
Winnipeg,San Jose,3/27/2014
Pittsburgh,Columbus,3/28/2014
Toronto,Philadelphia,3/28/2014
Chicago,Ottawa,3/28/2014
Nashville,Dallas,3/28/2014
NY Rangers,Calgary,3/28/2014
Anaheim,Edmonton,3/28/2014
Boston,Washington,3/29/2014
San Jose,Colorado,3/29/2014
Columbus,Carolina,3/29/2014
Detroit,Toronto,3/29/2014
Montreal,Florida,3/29/2014
New Jersey,NY Islanders,3/29/2014
Tampa Bay,Buffalo,3/29/2014
Dallas,St. Louis,3/29/2014
Minnesota,Phoenix,3/29/2014
Anaheim,Vancouver,3/29/2014
Winnipeg,Los Angeles,3/29/2014
Calgary,Ottawa,3/30/2014
Tampa Bay,Detroit,3/30/2014
Boston,Philadelphia,3/30/2014
Chicago,Pittsburgh,3/30/2014
NY Rangers,Edmonton,3/30/2014
Washington,Nashville,3/30/2014
Carolina,Ottawa,3/31/2014
Florida,New Jersey,3/31/2014
Minnesota,Los Angeles,3/31/2014
Winnipeg,Anaheim,3/31/2014
Calgary,Toronto,4/1/2014
Carolina,Pittsburgh,4/1/2014
Colorado,Columbus,4/1/2014
Dallas,Washington,4/1/2014
Florida,NY Islanders,4/1/2014
New Jersey,Buffalo,4/1/2014
Montreal,Tampa Bay,4/1/2014
Philadelphia,St. Louis,4/1/2014
NY Rangers,Vancouver,4/1/2014
Winnipeg,Phoenix,4/1/2014
Edmonton,San Jose,4/1/2014
NY Islanders,Ottawa,4/2/2014
Boston,Detroit,4/2/2014
Edmonton,Anaheim,4/2/2014
Phoenix,Los Angeles,4/2/2014
Boston,Toronto,4/3/2014
Columbus,Philadelphia,4/3/2014
Dallas,Carolina,4/3/2014
Calgary,Tampa Bay,4/3/2014
Buffalo,St. Louis,4/3/2014
Minnesota,Chicago,4/3/2014
Pittsburgh,Winnipeg,4/3/2014
NY Rangers,Colorado,4/3/2014
Los Angeles,San Jose,4/3/2014
Chicago,Columbus,4/4/2014
Montreal,Ottawa,4/4/2014
Washington,New Jersey,4/4/2014
Buffalo,Detroit,4/4/2014
Calgary,Florida,4/4/2014
Edmonton,Phoenix,4/4/2014
Nashville,Anaheim,4/4/2014
Philadelphia,Boston,4/5/2014
Colorado,St. Louis,4/5/2014
Washington,NY Islanders,4/5/2014
Dallas,Tampa Bay,4/5/2014
Detroit,Montreal,4/5/2014
New Jersey,Carolina,4/5/2014
Ottawa,NY Rangers,4/5/2014
Winnipeg,Toronto,4/5/2014
Pittsburgh,Minnesota,4/5/2014
Los Angeles,Vancouver,4/5/2014
Nashville,San Jose,4/5/2014
Dallas,Florida,4/6/2014
NY Islanders,Columbus,4/6/2014
Buffalo,Philadelphia,4/6/2014
St. Louis,Chicago,4/6/2014
Anaheim,Edmonton,4/6/2014
Pittsburgh,Colorado,4/6/2014
Calgary,New Jersey,4/7/2014
Minnesota,Winnipeg,4/7/2014
Anaheim,Vancouver,4/7/2014
Carolina,NY Rangers,4/8/2014
Detroit,Buffalo,4/8/2014
Ottawa,NY Islanders,4/8/2014
Phoenix,Columbus,4/8/2014
Philadelphia,Florida,4/8/2014
Toronto,Tampa Bay,4/8/2014
Boston,Minnesota,4/8/2014
Washington,St. Louis,4/8/2014
Nashville,Dallas,4/8/2014
Colorado,Edmonton,4/8/2014
Montreal,Chicago,4/9/2014
Detroit,Pittsburgh,4/9/2014
Los Angeles,Calgary,4/9/2014
San Jose,Anaheim,4/9/2014
Buffalo,NY Rangers,4/10/2014
Washington,Carolina,4/10/2014
New Jersey,Ottawa,4/10/2014
NY Islanders,Montreal,4/10/2014
Philadelphia,Tampa Bay,4/10/2014
Toronto,Florida,4/10/2014
Boston,Winnipeg,4/10/2014
Phoenix,Nashville,4/10/2014
St. Louis,Minnesota,4/10/2014
Los Angeles,Edmonton,4/10/2014
Colorado,Vancouver,4/10/2014
Chicago,Washington,4/11/2014
Carolina,Detroit,4/11/2014
Columbus,Tampa Bay,4/11/2014
NY Islanders,New Jersey,4/11/2014
St. Louis,Dallas,4/11/2014
Winnipeg,Calgary,4/11/2014
Colorado,San Jose,4/11/2014
Buffalo,Boston,4/12/2014
Philadelphia,Pittsburgh,4/12/2014
Columbus,Florida,4/12/2014
NY Rangers,Montreal,4/12/2014
Toronto,Ottawa,4/12/2014
Chicago,Nashville,4/12/2014
San Jose,Phoenix,4/12/2014
Vancouver,Edmonton,4/12/2014
Anaheim,Los Angeles,4/12/2014
Boston,New Jersey,4/13/2014
Carolina,Philadelphia,4/13/2014
Detroit,St. Louis,4/13/2014
Tampa Bay,Washington,4/13/2014
NY Islanders,Buffalo,4/13/2014
Ottawa,Pittsburgh,4/13/2014
Calgary,Vancouver,4/13/2014
Colorado,Anaheim,4/13/2014
Nashville,Minnesota,4/13/2014
Dallas,Phoenix,4/13/2014
